name,date,time,location,city,lat,lon,url
Easter Egg Hound Hunt,2026-03-28,9:00,Oak Point Nature Preserve,Plano,33.0441,-96.6669,https://planomoms.com/?srsltid=AfmBOoq4dEtz-nt-PCqQZ9-mkvLGfmx8CiDMOWapvHh02HwAl2GvQ4G7
Easter Egg Hunt (Sent Church),2026-03-28,10:00,Sent Church,Plano,33.0236,-96.7214,https://planomoms.com/?srsltid=AfmBOoq4dEtz-nt-PCqQZ9-mkvLGfmx8CiDMOWapvHh02HwAl2GvQ4G8
Adapted Recreation Egg Hunt,2026-03-28,11:00,Oak Point Park,Plano,33.0441,-96.6669,https://planomoms.com/?srsltid=AfmBOoq4dEtz-nt-PCqQZ9-mkvLGfmx8CiDMOWapvHh02HwAl2GvQ4G9
Meet the Easter Bunny,2026-04-02,18:30,Play Street Museum,Plano,33.0336,-96.7972,https://planomoms.com/?srsltid=AfmBOoq4dEtz-nt-PCqQZ9-mkvLGfmx8CiDMOWapvHh02HwAl2GvQ4G10
Palm Sunday Funday,2026-03-29,9:45,CUMC,Plano,33.0645,-96.7645,https://planomoms.com/?srsltid=AfmBOoq4dEtz-nt-PCqQZ9-mkvLGfmx8CiDMOWapvHh02HwAl2GvQ4G11
Aqua Egg Hunt,2026-03-21,9:00,Frisco Athletic Center,Frisco,33.1256,-96.7972,https://planomoms.com/?srsltid=AfmBOoq4dEtz-nt-PCqQZ9-mkvLGfmx8CiDMOWapvHh02HwAl2GvQ4G12
Easter Bunny Photos,2026-03-14,11:00,Hollywood Feed,Frisco,33.1539,-96.829,https://planomoms.com/?srsltid=AfmBOoq4dEtz-nt-PCqQZ9-mkvLGfmx8CiDMOWapvHh02HwAl2GvQ4G13
Easter Egg Hunt,2026-04-04,13:00,Kaleidoscope Park,Frisco,33.1025,-96.8222,https://planomoms.com/?srsltid=AfmBOoq4dEtz-nt-PCqQZ9-mkvLGfmx8CiDMOWapvHh02HwAl2GvQ4G14
Easter Eggstravaganza,2026-04-04,10:00,PGA Frisco,Frisco,33.2421,-96.8665,https://planomoms.com/?srsltid=AfmBOoq4dEtz-nt-PCqQZ9-mkvLGfmx8CiDMOWapvHh02HwAl2GvQ4G15
Easter Movie Night,2026-04-03,19:00,PGA Frisco,Frisco,33.2421,-96.8665,https://planomoms.com/?srsltid=AfmBOoq4dEtz-nt-PCqQZ9-mkvLGfmx8CiDMOWapvHh02HwAl2GvQ4G16
Easter Egg Hunt,2026-04-04,9:30,Stonebriar Community Church,Frisco,33.1182,-96.8041,https://planomoms.com/?srsltid=AfmBOoq4dEtz-nt-PCqQZ9-mkvLGfmx8CiDMOWapvHh02HwAl2GvQ4G17
Frisco Commons Egg Hunt,2026-04-04,12:00,Frisco Commons Park,Frisco,33.161,-96.8402,https://planomoms.com/?srsltid=AfmBOoq4dEtz-nt-PCqQZ9-mkvLGfmx8CiDMOWapvHh02HwAl2GvQ4G18
Egg Hunt: Glow & Find 'Em,2026-04-04,12:00,Mission Church,Frisco,33.1507,-96.8236,https://planomoms.com/?srsltid=AfmBOoq4dEtz-nt-PCqQZ9-mkvLGfmx8CiDMOWapvHh02HwAl2GvQ4G19
Bunny Photos,2026-03-14,10:00,Watters Creek,Allen,33.1042,-96.6711,https://planomoms.com/?srsltid=AfmBOoq4dEtz-nt-PCqQZ9-mkvLGfmx8CiDMOWapvHh02HwAl2GvQ4G20
Easter Open Skate,2026-04-04,12:00,Allen Community Ice Rink,Allen,33.1251,-96.6508,https://planomoms.com/?srsltid=AfmBOoq4dEtz-nt-PCqQZ9-mkvLGfmx8CiDMOWapvHh02HwAl2GvQ4G21
Breakfast with the Bunny,2026-03-31,9:00,Joe Farmer Rec Center,Allen,33.0886,-96.645,https://planomoms.com/?srsltid=AfmBOoq4dEtz-nt-PCqQZ9-mkvLGfmx8CiDMOWapvHh02HwAl2GvQ4G22
Easter Egg Hunt (Lutheran),2026-03-28,14:00,Christ the Servant,Allen,33.1017,-96.6853,https://planomoms.com/?srsltid=AfmBOoq4dEtz-nt-PCqQZ9-mkvLGfmx8CiDMOWapvHh02HwAl2GvQ4G23
Flashlight Egg Hunt,2026-04-02,18:00,Joe Farmer Rec Center,Allen,33.0886,-96.645,https://planomoms.com/?srsltid=AfmBOoq4dEtz-nt-PCqQZ9-mkvLGfmx8CiDMOWapvHh02HwAl2GvQ4G24
Easter Egg Hunt (Grace),2026-03-28,9:00,Grace Church,Allen,33.1168,-96.6836,https://planomoms.com/?srsltid=AfmBOoq4dEtz-nt-PCqQZ9-mkvLGfmx8CiDMOWapvHh02HwAl2GvQ4G25
Bunny Visit & Playtime,2026-03-29,11:30,Play Street Museum Allen,Allen,33.1311,-96.6669,https://planomoms.com/?srsltid=AfmBOoq4dEtz-nt-PCqQZ9-mkvLGfmx8CiDMOWapvHh02HwAl2GvQ4G26
Spring Fling,2026-03-28,13:00,Fairview Town Center,Fairview,33.1328,-96.665,https://planomoms.com/?srsltid=AfmBOoq4dEtz-nt-PCqQZ9-mkvLGfmx8CiDMOWapvHh02HwAl2GvQ4G27
Friendship Easter Egg Hunt,2026-04-04,11:00,Friendship Baptist,Fairview,33.145,-96.645,https://planomoms.com/?srsltid=AfmBOoq4dEtz-nt-PCqQZ9-mkvLGfmx8CiDMOWapvHh02HwAl2GvQ4G28
Spring Eggstravaganza,2026-04-02,17:00,The Athletic Club,The Colony,33.0841,-96.8833,https://planomoms.com/?srsltid=AfmBOoq4dEtz-nt-PCqQZ9-mkvLGfmx8CiDMOWapvHh02HwAl2GvQ4G29
Eggtastic Easter,2026-03-28,11:00,Little Elm Park,Little Elm,33.1619,-96.9405,https://planomoms.com/?srsltid=AfmBOoq4dEtz-nt-PCqQZ9-mkvLGfmx8CiDMOWapvHh02HwAl2GvQ4G30
Easter Toddler Time,2026-04-02,9:00,The Cove,Little Elm,33.1619,-96.9405,https://planomoms.com/?srsltid=AfmBOoq4dEtz-nt-PCqQZ9-mkvLGfmx8CiDMOWapvHh02HwAl2GvQ4G31
Pictures with Easter Bunny,2026-03-07,11:00,Hollywood Feed,McKinney,33.1972,-96.6397,https://planomoms.com/?srsltid=AfmBOoq4dEtz-nt-PCqQZ9-mkvLGfmx8CiDMOWapvHh02HwAl2GvQ4G32
Apex Centre Egg Splash,2026-03-29,12:00,Apex Centre,McKinney,33.2201,-96.671,https://planomoms.com/?srsltid=AfmBOoq4dEtz-nt-PCqQZ9-mkvLGfmx8CiDMOWapvHh02HwAl2GvQ4G33
Community Block Party,2026-04-04,14:00,Church of Ascension,McKinney,33.2081,-96.6582,https://planomoms.com/?srsltid=AfmBOoq4dEtz-nt-PCqQZ9-mkvLGfmx8CiDMOWapvHh02HwAl2GvQ4G34
Hop 'n Hunt,2026-04-02,18:00,Murphy Central Park,Murphy,33.015,-96.611,https://planomoms.com/?srsltid=AfmBOoq4dEtz-nt-PCqQZ9-mkvLGfmx8CiDMOWapvHh02HwAl2GvQ4G35